customer_id,station_id,avg_monthly_litres,avg_monthly_spend,visits_per_month,preferred_fuel,payment_method,location_type,loyalty_score
C001,107,813,149738.16,8,Petrol,Cash,Rural,60
C002,104,444,78369.02,6,Petrol,Mpesa,Urban,46
C003,108,518,83554.63,5,Diesel,Mpesa,Urban,83
C004,105,410,73387.76,8,Petrol,Cash,Urban,91
C005,107,277,52226.16,4,Diesel,Credit,Urban,61
C006,110,1117,198880.01,1,Diesel,Mpesa,Urban,69
C007,103,763,140831.23,9,Petrol,Credit,Urban,42
C008,107,648,120868.97,10,Diesel,Mpesa,Rural,64
C009,108,437,72910.13,1,Petrol,Mpesa,Urban,34
C010,105,264,43919.4,4,Diesel,Mpesa,Urban,58
C011,104,704,125543.92,9,Petrol,Mpesa,Urban,99
C012,108,407,70138.66,14,Diesel,Cash,Urban,54
C013,108,541,100190.95,8,Diesel,Mpesa,Urban,51
C014,103,322,60214.22,5,Petrol,Mpesa,Urban,95
C015,106,498,84960.12,7,Petrol,Credit,Rural,74
C016,105,333,55646.34,12,Diesel,Mpesa,Urban,98
C017,102,340,62361.36,6,Diesel,Cash,Urban,30
C018,108,495,83280.87,5,Petrol,Mpesa,Urban,73
C019,106,184,33980.83,6,Diesel,Cash,Urban,68
C020,102,189,32642.6,5,Petrol,Mpesa,Urban,83
C021,105,294,52927.79,8,Diesel,Mpesa,Rural,58
C022,101,392,63843.5,12,Petrol,Mpesa,Urban,83
C023,110,667,119203.43,8,Diesel,Mpesa,Urban,45
C024,106,404,70115.42,7,Petrol,Mpesa,Urban,49
C025,109,435,77255.24,7,Petrol,Cash,Urban,75
C026,101,376,62055.2,3,Petrol,Credit,Urban,96
C027,110,518,94331.02,10,Petrol,Credit,Rural,94
C028,103,275,51118.08,7,Petrol,Cash,Urban,87
C029,107,415,69098.41,7,Petrol,Mpesa,Rural,82
C030,104,538,87624.83,17,Diesel,Mpesa,Urban,30
C031,109,493,79229.61,8,Petrol,Mpesa,Rural,95
C032,103,442,79232.54,5,Petrol,Mpesa,Urban,58
C033,105,445,79304.71,6,Petrol,Cash,Urban,99
C034,103,564,99490.12,11,Petrol,Cash,Urban,37
C035,107,1143,190833.47,8,Petrol,Mpesa,Rural,58
C036,105,286,49113.97,3,Petrol,Mpesa,Urban,80
C037,109,1159,206109.94,10,Petrol,Credit,Urban,62
C038,107,279,48797.94,5,Petrol,Cash,Urban,32
C039,102,110,20859.69,13,Petrol,Mpesa,Rural,89
C040,104,329,53986.66,11,Diesel,Credit,Urban,64
C041,109,523,94586.82,6,Petrol,Credit,Rural,98
C042,102,1027,176777.06,11,Petrol,Mpesa,Urban,49
C043,110,264,45631.34,8,Kerosene,Mpesa,Urban,68
C044,109,562,102018.7,10,Petrol,Cash,Urban,33
C045,110,201,36335.39,9,Diesel,Credit,Rural,48
C046,105,1009,191445.32,5,Petrol,Credit,Urban,74
C047,102,770,126165.91,6,Diesel,Mpesa,Rural,72
C048,104,340,55461.92,11,Diesel,Mpesa,Urban,42
C049,107,152,27622.99,6,Petrol,Cash,Urban,42
C050,108,830,147201.83,6,Kerosene,Cash,Urban,89
C051,103,414,69645.08,5,Petrol,Mpesa,Urban,86
C052,101,790,128282.24,9,Petrol,Credit,Rural,81
C053,104,441,71693.26,14,Diesel,Cash,Rural,82
C054,102,450,84071.58,4,Diesel,Credit,Rural,72
C055,108,344,57020.07,8,Petrol,Credit,Rural,71
C056,104,599,101650.99,12,Petrol,Cash,Urban,55
C057,102,468,78062.26,7,Petrol,Mpesa,Urban,52
C058,106,569,97099.79,9,Petrol,Cash,Rural,72
C059,106,173,28040.31,4,Diesel,Mpesa,Urban,57
C060,110,803,140984.15,9,Petrol,Cash,Rural,38
C061,104,901,145987.57,7,Petrol,Mpesa,Rural,49
C062,106,467,85932.99,10,Petrol,Cash,Urban,85
C063,102,1103,184213.53,11,Petrol,Mpesa,Rural,68
C064,110,979,172500.15,15,Petrol,Mpesa,Urban,80
C065,102,605,112773.44,9,Diesel,Mpesa,Urban,41
C066,110,835,149904.48,8,Kerosene,Mpesa,Urban,84
C067,104,730,128471.78,8,Diesel,Cash,Urban,40
C068,108,146,24780.58,6,Petrol,Cash,Urban,55
C069,107,380,64596.22,9,Diesel,Cash,Urban,71
C070,109,626,112732.97,7,Diesel,Mpesa,Rural,56
C071,108,930,176536.49,8,Diesel,Mpesa,Rural,40
C072,105,192,34532.19,11,Petrol,Mpesa,Urban,67
C073,102,153,27040.23,4,Petrol,Mpesa,Urban,72
C074,105,427,77679.63,11,Petrol,Credit,Rural,48
C075,108,115,20004.96,11,Petrol,Mpesa,Urban,93
C076,110,419,67795.99,7,Petrol,Mpesa,Urban,35
C077,109,529,93563.65,1,Petrol,Mpesa,Urban,75
C078,109,257,48503.29,6,Petrol,Mpesa,Urban,71
C079,101,425,70235.11,11,Diesel,Cash,Urban,94
C080,109,697,125948.0,7,Petrol,Cash,Rural,88
C081,107,329,54623.22,5,Petrol,Mpesa,Urban,81
C082,109,281,49477.03,6,Kerosene,Mpesa,Urban,76
C083,108,415,67603.62,10,Kerosene,Mpesa,Urban,36
C084,101,242,41989.69,9,Diesel,Mpesa,Urban,40
C085,108,1063,194194.05,7,Kerosene,Mpesa,Urban,90
C086,108,448,76351.36,6,Petrol,Credit,Rural,97
C087,103,298,53624.31,6,Kerosene,Cash,Rural,54
C088,101,491,90276.98,5,Petrol,Cash,Urban,41
C089,108,414,77755.55,12,Petrol,Mpesa,Rural,55
C090,103,391,65312.35,7,Petrol,Mpesa,Rural,41
C091,103,329,56581.25,11,Petrol,Cash,Rural,72
C092,101,320,52663.19,12,Petrol,Cash,Urban,80
C093,105,175,33210.54,10,Diesel,Cash,Urban,66
C094,110,834,156633.56,6,Diesel,Mpesa,Urban,75
C095,107,586,103252.45,9,Diesel,Cash,Urban,82
C096,110,515,95409.41,7,Petrol,Mpesa,Urban,42
C097,109,411,72183.41,5,Diesel,Credit,Urban,83
C098,107,254,45391.72,8,Diesel,Cash,Rural,86
C099,109,288,46850.04,4,Petrol,Cash,Rural,33
C100,108,187,34157.07,11,Diesel,Mpesa,Rural,78
C101,102,307,50296.24,6,Petrol,Cash,Urban,36
C102,101,235,43423.78,8,Petrol,Mpesa,Urban,40
C103,107,952,174654.72,8,Kerosene,Mpesa,Urban,83
C104,107,675,122352.08,7,Petrol,Mpesa,Urban,74
C105,108,458,73776.84,9,Petrol,Cash,Urban,52
C106,105,270,45655.34,6,Diesel,Mpesa,Urban,57
C107,103,242,40630.2,10,Diesel,Mpesa,Urban,86
C108,108,397,67809.22,3,Petrol,Credit,Rural,55
C109,106,688,111888.95,8,Petrol,Mpesa,Urban,54
C110,103,190,35740.66,13,Petrol,Cash,Rural,83
C111,101,582,102789.39,4,Diesel,Mpesa,Urban,58
C112,103,306,51764.71,5,Petrol,Mpesa,Urban,65
C113,105,337,57933.48,9,Petrol,Cash,Urban,43
C114,103,451,78210.65,8,Kerosene,Mpesa,Urban,64
C115,101,275,48954.9,9,Petrol,Mpesa,Urban,59
C116,105,387,67907.04,9,Petrol,Cash,Urban,46
C117,110,262,49146.42,9,Petrol,Cash,Urban,96
C118,107,320,55970.85,11,Diesel,Cash,Urban,59
C119,107,637,120880.14,9,Petrol,Mpesa,Urban,74
C120,109,463,85906.29,7,Petrol,Mpesa,Rural,80
C121,110,636,105738.38,10,Diesel,Cash,Urban,76
C122,110,304,57127.03,13,Petrol,Cash,Rural,82
C123,103,584,95478.74,7,Petrol,Credit,Urban,93
C124,107,161,29708.28,5,Petrol,Credit,Rural,67
C125,101,451,77309.83,11,Petrol,Credit,Rural,93
C126,104,603,112362.56,7,Petrol,Mpesa,Urban,36
C127,104,157,29208.55,1,Petrol,Mpesa,Urban,51
C128,105,306,56358.4,10,Petrol,Cash,Rural,70
C129,107,450,82665.41,6,Petrol,Mpesa,Urban,39
C130,107,714,120766.23,7,Diesel,Mpesa,Urban,86
C131,104,320,51976.83,8,Kerosene,Credit,Urban,36
C132,107,573,98607.23,8,Diesel,Credit,Rural,79
C133,103,861,142242.14,10,Diesel,Mpesa,Rural,81
C134,106,586,105977.24,6,Petrol,Mpesa,Urban,62
C135,102,394,67130.9,9,Kerosene,Mpesa,Urban,30
C136,110,530,100312.2,7,Petrol,Credit,Urban,82
C137,109,315,56457.19,10,Kerosene,Credit,Urban,89
C138,105,460,84950.23,9,Kerosene,Mpesa,Rural,63
C139,106,405,66410.17,5,Diesel,Mpesa,Urban,33
C140,104,522,97019.15,11,Kerosene,Credit,Urban,46
C141,110,351,65876.63,6,Diesel,Mpesa,Urban,33
C142,107,537,93766.57,10,Petrol,Cash,Rural,72
C143,109,350,62365.66,9,Petrol,Credit,Urban,33
C144,107,672,122938.57,13,Diesel,Mpesa,Urban,30
C145,101,369,60975.46,7,Petrol,Cash,Urban,79
C146,101,118,20659.08,6,Diesel,Mpesa,Urban,90
C147,109,246,42302.13,7,Kerosene,Mpesa,Urban,64
C148,109,444,72989.7,7,Petrol,Credit,Urban,37
C149,104,948,162132.68,10,Diesel,Mpesa,Urban,53
C150,109,659,106787.77,3,Kerosene,Credit,Rural,65
C151,103,102,16398.98,4,Kerosene,Cash,Rural,79
C152,107,180,29529.9,4,Kerosene,Mpesa,Rural,72
C153,106,758,143181.24,10,Petrol,Mpesa,Urban,56
C154,108,602,106244.5,13,Kerosene,Mpesa,Rural,61
C155,109,1195,225824.72,7,Diesel,Mpesa,Urban,47
C156,105,342,59157.43,7,Petrol,Mpesa,Urban,57
C157,101,272,46064.42,8,Petrol,Mpesa,Urban,58
C158,103,456,79884.02,11,Diesel,Mpesa,Urban,45
C159,110,339,58709.83,5,Petrol,Cash,Urban,76
C160,108,724,118135.04,8,Diesel,Cash,Urban,88
C161,106,332,59502.63,10,Diesel,Cash,Urban,60
C162,108,380,63262.84,9,Petrol,Mpesa,Urban,33
C163,109,251,44825.5,8,Diesel,Mpesa,Urban,66
C164,104,637,114345.34,11,Diesel,Cash,Urban,46
C165,101,260,42785.79,1,Petrol,Mpesa,Urban,68
C166,101,542,87717.54,10,Petrol,Mpesa,Rural,77
C167,110,1027,188375.26,6,Petrol,Credit,Rural,75
C168,104,144,25026.34,2,Petrol,Cash,Urban,77
C169,107,881,142497.27,9,Kerosene,Cash,Urban,68
C170,102,507,96251.92,12,Petrol,Mpesa,Urban,33
C171,103,228,36875.22,7,Diesel,Cash,Rural,59
C172,101,465,84095.74,10,Petrol,Cash,Urban,59
C173,105,628,119012.51,12,Petrol,Cash,Urban,51
C174,101,282,47143.46,11,Diesel,Cash,Urban,95
C175,108,557,91496.99,12,Diesel,Credit,Urban,41
C176,101,917,150059.3,10,Petrol,Cash,Urban,65
C177,101,332,56140.62,8,Petrol,Mpesa,Rural,47
C178,102,249,40594.81,3,Petrol,Cash,Urban,82
C179,102,411,74294.35,7,Petrol,Cash,Urban,30
C180,106,452,73164.68,5,Diesel,Cash,Rural,87
C181,107,742,130059.74,14,Petrol,Mpesa,Rural,35
C182,105,404,76719.97,7,Petrol,Mpesa,Urban,99
C183,101,349,64362.27,8,Petrol,Credit,Urban,73
C184,101,246,43900.32,9,Kerosene,Cash,Urban,53
C185,103,158,26731.64,8,Kerosene,Credit,Rural,48
C186,102,205,36636.96,13,Petrol,Cash,Urban,47
C187,105,204,35865.49,6,Diesel,Cash,Rural,59
C188,110,383,66175.7,8,Petrol,Cash,Urban,71
C189,106,177,29014.07,5,Petrol,Credit,Urban,62
C190,107,427,79677.4,4,Diesel,Cash,Urban,41
C191,104,1016,176269.44,6,Kerosene,Cash,Urban,56
C192,107,752,124710.68,7,Kerosene,Mpesa,Urban,68
C193,108,381,65163.49,6,Diesel,Mpesa,Urban,38
C194,101,1335,230185.9,5,Petrol,Cash,Urban,50
C195,106,453,83726.24,3,Diesel,Mpesa,Rural,58
C196,108,487,88638.11,7,Petrol,Mpesa,Urban,62
C197,105,407,74513.21,3,Diesel,Mpesa,Rural,91
C198,104,432,69262.97,10,Petrol,Mpesa,Urban,44
C199,102,326,56229.99,8,Diesel,Mpesa,Urban,31
C200,106,383,66810.64,3,Petrol,Mpesa,Urban,81
C201,106,883,141788.4,7,Petrol,Credit,Urban,73
C202,101,792,132893.16,5,Kerosene,Cash,Rural,83
C203,109,114,20840.19,8,Petrol,Mpesa,Urban,47
C204,106,189,31017.41,12,Petrol,Mpesa,Urban,32
C205,103,284,50000.84,2,Petrol,Cash,Urban,36
C206,104,691,115021.13,8,Petrol,Mpesa,Urban,72
C207,104,801,128451.26,7,Petrol,Credit,Urban,67
C208,103,627,104857.0,10,Petrol,Cash,Rural,66
C209,110,228,43154.98,8,Diesel,Cash,Rural,87
C210,103,330,60735.22,5,Petrol,Mpesa,Urban,62
C211,103,562,106098.46,7,Kerosene,Cash,Urban,88
C212,104,387,67583.99,5,Diesel,Mpesa,Urban,40
C213,107,359,58621.86,11,Petrol,Credit,Urban,97
C214,104,362,63870.84,8,Diesel,Cash,Urban,97
C215,109,763,132480.7,13,Petrol,Mpesa,Urban,51
C216,101,590,109345.12,7,Diesel,Mpesa,Urban,95
C217,108,372,60614.6,5,Petrol,Mpesa,Urban,73
C218,107,519,90641.91,3,Petrol,Cash,Urban,35
C219,102,210,34545.31,2,Diesel,Mpesa,Urban,71
C220,108,330,56014.29,3,Kerosene,Cash,Urban,54
C221,101,727,132401.76,8,Diesel,Mpesa,Urban,86
C222,109,170,29627.69,9,Petrol,Cash,Rural,84
C223,109,594,101738.33,3,Diesel,Credit,Urban,45
C224,102,114,19589.11,10,Petrol,Cash,Urban,43
C225,107,956,166136.93,6,Petrol,Cash,Urban,68
C226,110,326,59837.46,8,Petrol,Mpesa,Rural,57
C227,103,538,100478.25,12,Diesel,Mpesa,Urban,80
C228,107,466,87915.58,10,Petrol,Cash,Urban,78
C229,110,475,87213.37,7,Petrol,Mpesa,Urban,38
C230,109,514,87103.57,5,Diesel,Mpesa,Rural,87
C231,104,152,27457.89,1,Petrol,Mpesa,Rural,74
C232,101,480,83101.48,5,Petrol,Mpesa,Urban,51
C233,102,399,66888.41,7,Petrol,Mpesa,Rural,61
C234,101,327,60568.95,5,Kerosene,Credit,Rural,98
C235,105,284,45767.39,7,Petrol,Mpesa,Rural,98
C236,105,486,90907.69,8,Petrol,Cash,Urban,71
C237,107,251,43634.93,7,Diesel,Mpesa,Urban,82
C238,109,721,129142.67,6,Diesel,Cash,Urban,88
C239,109,557,100137.8,8,Petrol,Mpesa,Rural,68
C240,103,501,93613.62,9,Diesel,Credit,Urban,44
C241,103,706,126444.66,4,Diesel,Credit,Urban,58
C242,103,138,24621.69,12,Diesel,Mpesa,Urban,32
C243,104,206,33371.91,7,Petrol,Credit,Rural,39
C244,108,569,99889.22,8,Diesel,Credit,Rural,58
C245,106,293,48199.99,10,Petrol,Credit,Urban,64
C246,108,313,57004.5,8,Petrol,Credit,Rural,35
C247,101,189,33144.3,10,Petrol,Mpesa,Urban,41
C248,108,251,45282.12,8,Petrol,Cash,Rural,67
C249,104,729,117551.39,6,Petrol,Mpesa,Urban,48
C250,101,563,91512.14,9,Diesel,Mpesa,Urban,96
C251,108,483,87659.53,4,Petrol,Credit,Rural,37
C252,104,320,51892.01,8,Petrol,Mpesa,Urban,37
C253,106,468,75880.44,7,Petrol,Cash,Rural,76
C254,108,760,121876.07,7,Petrol,Credit,Urban,33
C255,104,297,56042.43,7,Kerosene,Credit,Urban,80
C256,103,432,78678.11,2,Petrol,Credit,Urban,96
C257,109,985,168038.58,6,Petrol,Mpesa,Urban,74
C258,103,623,105222.25,8,Petrol,Mpesa,Urban,37
C259,109,322,54898.13,8,Petrol,Mpesa,Urban,45
C260,102,598,109577.28,4,Petrol,Mpesa,Urban,96
C261,102,168,30213.31,11,Diesel,Mpesa,Urban,38
C262,102,423,70030.13,5,Kerosene,Mpesa,Rural,89
C263,106,598,98803.52,10,Petrol,Cash,Rural,44
C264,103,533,86853.35,9,Diesel,Cash,Urban,70
C265,109,595,106986.4,6,Diesel,Mpesa,Rural,51
C266,104,660,120734.58,13,Diesel,Cash,Urban,53
C267,101,554,93045.07,4,Petrol,Mpesa,Urban,73
C268,104,546,87703.08,10,Petrol,Mpesa,Rural,30
C269,101,489,79445.46,11,Petrol,Cash,Rural,39
C270,105,235,44423.41,5,Diesel,Cash,Urban,85
C271,104,729,123101.38,12,Diesel,Cash,Rural,79
C272,108,430,78722.98,7,Petrol,Mpesa,Urban,41
C273,108,615,109925.04,8,Petrol,Credit,Rural,89
C274,107,692,118649.07,8,Kerosene,Cash,Urban,55
C275,103,331,55002.47,7,Diesel,Cash,Urban,70
C276,101,347,56783.63,10,Kerosene,Cash,Urban,65
C277,101,372,66383.54,10,Diesel,Credit,Urban,52
C278,103,796,145858.25,2,Petrol,Cash,Urban,72
C279,106,264,47339.72,11,Diesel,Cash,Rural,35
C280,107,863,151809.52,3,Diesel,Credit,Urban,98
C281,106,486,78371.65,11,Petrol,Cash,Urban,72
C282,106,504,95283.55,11,Petrol,Mpesa,Urban,54
C283,106,677,124541.89,4,Diesel,Cash,Urban,47
C284,103,459,77472.16,6,Petrol,Mpesa,Urban,91
C285,106,733,138829.55,4,Diesel,Mpesa,Urban,42
C286,108,331,58936.68,7,Diesel,Cash,Urban,72
C287,102,849,150674.31,7,Kerosene,Credit,Urban,57
C288,105,345,62942.56,10,Petrol,Credit,Urban,47
C289,101,865,159465.43,11,Petrol,Mpesa,Rural,88
C290,101,350,62893.03,12,Diesel,Cash,Rural,89
C291,105,378,61932.61,6,Petrol,Mpesa,Urban,92
C292,103,247,42026.56,7,Diesel,Credit,Urban,86
C293,104,286,53722.96,2,Diesel,Credit,Urban,80
C294,103,432,72031.02,5,Petrol,Cash,Urban,85
C295,101,496,84897.85,10,Petrol,Credit,Urban,56
C296,101,707,122284.35,12,Petrol,Cash,Urban,61
C297,105,392,67887.4,4,Petrol,Cash,Urban,38
C298,106,229,40850.89,6,Kerosene,Mpesa,Urban,97
C299,103,533,100359.78,7,Diesel,Mpesa,Urban,75
C300,109,479,80098.75,8,Diesel,Cash,Rural,96
C301,105,563,92132.16,5,Diesel,Cash,Rural,55
C302,108,309,51270.55,9,Petrol,Mpesa,Urban,37
C303,101,328,61207.34,6,Kerosene,Credit,Urban,35
C304,105,309,55426.67,7,Diesel,Mpesa,Rural,53
C305,103,773,130310.18,9,Diesel,Cash,Rural,77
C306,101,853,157360.08,8,Diesel,Cash,Urban,74
C307,104,321,59654.99,6,Petrol,Cash,Urban,42
C308,105,324,60068.12,7,Diesel,Cash,Urban,98
C309,107,602,112915.81,7,Petrol,Mpesa,Urban,54
C310,101,899,150642.94,6,Petrol,Mpesa,Urban,49
C311,103,995,181738.0,7,Petrol,Cash,Urban,95
C312,102,313,54404.47,12,Kerosene,Cash,Urban,74
C313,109,356,65952.54,9,Diesel,Mpesa,Urban,76
C314,110,509,92564.05,7,Diesel,Cash,Rural,92
C315,106,521,95495.87,10,Diesel,Mpesa,Urban,84
C316,110,400,71873.94,6,Diesel,Cash,Urban,48
C317,103,280,46290.4,11,Kerosene,Credit,Urban,64
C318,108,432,76183.55,9,Petrol,Mpesa,Urban,82
C319,108,994,188402.85,7,Petrol,Mpesa,Rural,55
C320,102,331,62268.26,9,Petrol,Cash,Urban,43
C321,106,493,79518.54,3,Diesel,Cash,Urban,74
C322,107,1313,216572.06,4,Diesel,Cash,Rural,73
C323,102,328,53776.21,4,Petrol,Credit,Urban,94
C324,110,616,111976.11,8,Petrol,Credit,Rural,80
C325,102,1015,187301.56,13,Diesel,Credit,Urban,72
C326,110,590,98179.15,14,Petrol,Cash,Urban,52
C327,101,747,130856.16,9,Diesel,Mpesa,Urban,85
C328,108,656,121505.04,9,Kerosene,Mpesa,Urban,48
C329,101,567,103184.95,2,Petrol,Mpesa,Rural,84
C330,109,840,148064.38,6,Petrol,Cash,Rural,89
C331,106,606,107692.52,5,Diesel,Mpesa,Urban,88
C332,107,402,70450.83,6,Diesel,Credit,Urban,62
C333,110,474,80071.14,7,Petrol,Cash,Rural,48
C334,107,530,93783.85,6,Kerosene,Cash,Rural,57
C335,110,355,64136.63,2,Petrol,Mpesa,Urban,81
C336,103,485,90306.85,10,Petrol,Mpesa,Urban,78
C337,102,450,80589.93,4,Diesel,Mpesa,Urban,66
C338,109,605,110614.36,8,Diesel,Mpesa,Rural,55
C339,108,1147,189028.06,14,Petrol,Mpesa,Urban,69
C340,110,499,86749.52,5,Diesel,Cash,Urban,67
C341,107,911,146015.03,1,Diesel,Credit,Rural,83
C342,109,594,99435.82,7,Petrol,Credit,Urban,51
C343,104,484,87988.22,11,Petrol,Cash,Urban,45
C344,104,345,65465.23,13,Diesel,Mpesa,Urban,57
C345,101,486,79206.02,4,Petrol,Credit,Urban,64
C346,108,471,81033.11,9,Petrol,Credit,Urban,89
C347,103,297,54648.63,6,Petrol,Mpesa,Urban,74
C348,107,323,53657.11,7,Diesel,Cash,Urban,75
C349,102,532,93979.16,15,Diesel,Mpesa,Urban,84
C350,102,906,164884.88,3,Diesel,Credit,Rural,55
C351,107,425,75853.81,8,Petrol,Credit,Rural,54
C352,106,184,30477.9,9,Diesel,Mpesa,Urban,94
C353,103,103,17578.14,11,Diesel,Credit,Urban,35
C354,109,244,44777.36,8,Diesel,Cash,Urban,52
C355,110,623,110038.49,8,Kerosene,Credit,Urban,93
C356,106,206,32992.32,6,Petrol,Mpesa,Urban,72
C357,110,672,122861.57,8,Diesel,Credit,Urban,52
C358,110,606,97601.96,6,Petrol,Mpesa,Urban,59
C359,106,417,76049.13,9,Petrol,Mpesa,Urban,47
C360,101,299,49656.25,6,Petrol,Mpesa,Urban,50
C361,104,386,72854.49,9,Petrol,Credit,Urban,86
C362,110,525,89795.07,7,Petrol,Credit,Urban,52
C363,106,210,35659.67,11,Diesel,Credit,Urban,74
C364,106,862,141770.24,7,Petrol,Credit,Urban,73
C365,105,523,88474.93,2,Diesel,Mpesa,Rural,76
C366,101,553,103023.64,11,Petrol,Mpesa,Rural,69
C367,108,604,114693.58,5,Petrol,Mpesa,Urban,80
C368,105,821,140431.46,6,Diesel,Mpesa,Urban,71
C369,105,486,84300.74,6,Petrol,Mpesa,Urban,36
C370,107,623,113175.51,12,Petrol,Mpesa,Urban,79
C371,104,302,56348.93,1,Diesel,Mpesa,Urban,77
C372,106,997,177257.96,17,Petrol,Mpesa,Rural,35
C373,104,470,80720.51,11,Petrol,Mpesa,Urban,38
C374,103,301,51885.98,8,Petrol,Mpesa,Rural,86
C375,107,345,62399.65,7,Kerosene,Credit,Urban,60
C376,108,132,21132.74,8,Diesel,Cash,Urban,50
C377,104,344,61434.16,9,Diesel,Credit,Rural,69
C378,102,84,14335.84,9,Diesel,Mpesa,Urban,74
C379,110,646,118751.54,9,Petrol,Mpesa,Urban,78
C380,103,545,88720.4,8,Petrol,Cash,Urban,49
C381,101,253,44944.46,7,Diesel,Mpesa,Urban,46
C382,108,429,74830.12,7,Petrol,Mpesa,Rural,57
C383,103,439,78699.43,7,Petrol,Mpesa,Urban,70
C384,110,223,36113.87,11,Petrol,Mpesa,Rural,95
C385,107,391,69363.21,9,Petrol,Mpesa,Rural,54
C386,110,446,78872.66,1,Kerosene,Mpesa,Rural,87
C387,105,385,68075.62,9,Petrol,Cash,Urban,70
C388,110,301,53609.49,8,Petrol,Mpesa,Urban,35
C389,105,247,44532.63,7,Petrol,Mpesa,Rural,67
C390,107,378,69608.58,6,Kerosene,Credit,Urban,35
C391,109,321,53958.37,11,Petrol,Mpesa,Urban,74
C392,105,585,108079.62,10,Petrol,Mpesa,Urban,43
C393,101,846,148005.73,5,Diesel,Credit,Urban,95
C394,110,688,111670.48,9,Diesel,Mpesa,Urban,69
C395,110,453,73275.71,5,Petrol,Mpesa,Urban,32
C396,101,307,52198.33,3,Petrol,Mpesa,Urban,53
C397,102,679,124628.35,6,Petrol,Mpesa,Rural,48
C398,106,602,109100.72,10,Petrol,Cash,Urban,47
C399,109,817,150048.95,10,Petrol,Credit,Rural,93
C400,108,486,85301.78,9,Petrol,Mpesa,Urban,64
C401,105,971,168183.0,10,Petrol,Cash,Rural,91
C402,101,487,80074.28,9,Petrol,Cash,Urban,30
C403,107,306,51972.81,6,Diesel,Mpesa,Rural,54
C404,105,337,58307.94,9,Kerosene,Cash,Urban,74
C405,106,571,92877.73,10,Diesel,Mpesa,Rural,78
C406,107,320,53317.87,10,Petrol,Mpesa,Urban,45
C407,103,968,172252.46,11,Petrol,Mpesa,Rural,48
C408,110,548,99774.3,10,Kerosene,Mpesa,Rural,52
C409,103,448,85097.79,9,Petrol,Mpesa,Urban,54
C410,105,468,87980.91,11,Petrol,Credit,Urban,45
C411,106,383,68663.07,7,Diesel,Mpesa,Rural,83
C412,109,157,27104.08,5,Diesel,Mpesa,Urban,30
C413,105,338,60530.84,7,Diesel,Mpesa,Rural,71
C414,101,909,166864.72,5,Petrol,Cash,Urban,48
C415,104,493,80630.19,5,Petrol,Cash,Urban,63
C416,105,727,125260.03,7,Kerosene,Cash,Rural,84
C417,110,737,136488.03,5,Petrol,Cash,Urban,47
C418,110,431,73922.96,7,Diesel,Credit,Rural,63
C419,105,607,107533.79,2,Diesel,Mpesa,Urban,74
C420,107,168,29842.36,8,Diesel,Cash,Urban,35
C421,104,873,144511.43,8,Petrol,Credit,Urban,50
C422,101,839,143357.47,5,Petrol,Credit,Urban,99
C423,105,563,95729.9,9,Diesel,Credit,Urban,77
C424,107,502,80714.52,10,Diesel,Mpesa,Urban,68
C425,110,434,69754.98,3,Kerosene,Mpesa,Urban,60
C426,110,768,142042.3,5,Petrol,Mpesa,Urban,39
C427,106,642,107979.34,5,Petrol,Cash,Rural,59
C428,105,56,9830.37,5,Kerosene,Mpesa,Urban,47
C429,104,361,60995.2,10,Diesel,Mpesa,Urban,89
C430,102,229,43102.47,7,Diesel,Credit,Urban,44
C431,104,204,34226.9,7,Petrol,Mpesa,Urban,33
C432,110,764,132087.73,1,Diesel,Credit,Rural,92
C433,110,429,79872.04,9,Diesel,Mpesa,Urban,69
C434,103,558,103373.97,4,Diesel,Mpesa,Urban,38
C435,110,457,75671.45,8,Petrol,Mpesa,Urban,38
C436,101,206,37920.34,8,Petrol,Cash,Urban,55
C437,108,170,29536.75,12,Diesel,Mpesa,Rural,33
C438,105,348,60722.2,4,Petrol,Mpesa,Urban,45
C439,104,364,59697.6,1,Petrol,Credit,Rural,44
C440,108,364,59120.17,8,Kerosene,Mpesa,Urban,81
C441,107,370,67280.13,13,Petrol,Cash,Urban,98
C442,102,1110,194132.16,11,Diesel,Cash,Rural,34
C443,101,721,124809.08,8,Petrol,Mpesa,Urban,49
C444,104,497,90396.97,6,Diesel,Cash,Urban,47
C445,108,423,77394.36,10,Kerosene,Mpesa,Urban,31
C446,102,431,71014.68,5,Petrol,Cash,Urban,42
C447,103,630,112333.26,9,Petrol,Mpesa,Urban,33
C448,101,421,69069.52,9,Petrol,Cash,Urban,71
C449,101,685,125040.76,11,Petrol,Mpesa,Urban,90
C450,103,524,94167.34,16,Diesel,Cash,Urban,37
C451,105,1115,210398.76,9,Kerosene,Mpesa,Urban,96
C452,103,408,66124.05,6,Petrol,Mpesa,Urban,92
C453,101,746,120636.88,7,Petrol,Mpesa,Urban,38
C454,101,241,40600.21,2,Petrol,Mpesa,Urban,40
C455,108,311,52201.71,5,Diesel,Credit,Rural,71
C456,110,1042,174440.56,6,Petrol,Mpesa,Urban,42
C457,102,671,125602.9,6,Diesel,Credit,Rural,65
C458,103,564,94462.32,8,Diesel,Credit,Urban,42
C459,102,1255,211038.91,5,Diesel,Cash,Urban,41
C460,103,426,77865.11,11,Petrol,Mpesa,Urban,66
C461,107,746,129425.18,8,Diesel,Mpesa,Urban,81
C462,101,773,141691.92,7,Petrol,Cash,Urban,31
C463,110,932,150947.64,7,Petrol,Mpesa,Urban,85
C464,108,225,39291.11,8,Diesel,Mpesa,Urban,89
C465,110,425,68428.57,10,Diesel,Cash,Rural,52
C466,110,519,84015.51,5,Petrol,Credit,Urban,69
C467,110,924,172966.45,6,Petrol,Cash,Urban,93
C468,102,552,90625.9,7,Petrol,Mpesa,Rural,52
C469,103,773,136026.84,3,Petrol,Cash,Urban,58
C470,109,213,36706.9,5,Petrol,Mpesa,Urban,80
C471,107,375,63907.61,6,Petrol,Mpesa,Urban,98
C472,104,837,156514.82,10,Petrol,Credit,Rural,60
C473,110,401,64422.54,8,Diesel,Mpesa,Rural,79
C474,105,443,79701.76,8,Diesel,Mpesa,Urban,49
C475,102,917,173222.98,10,Diesel,Mpesa,Urban,84
C476,108,272,48090.97,7,Petrol,Credit,Rural,31
C477,104,308,57936.24,9,Kerosene,Cash,Urban,54
C478,109,200,32313.55,7,Diesel,Cash,Urban,42
C479,105,935,161347.15,8,Diesel,Cash,Urban,99
C480,109,715,119980.38,6,Diesel,Mpesa,Urban,96
C481,104,706,128438.79,1,Kerosene,Mpesa,Urban,87
C482,110,369,69902.96,7,Petrol,Mpesa,Urban,93
C483,105,191,32029.92,12,Petrol,Mpesa,Urban,98
C484,109,159,28560.41,10,Diesel,Mpesa,Urban,88
C485,108,840,139392.06,10,Diesel,Credit,Rural,89
C486,103,582,102990.67,11,Diesel,Mpesa,Urban,91
C487,101,638,110959.67,8,Petrol,Mpesa,Urban,45
C488,103,507,95904.2,8,Petrol,Mpesa,Urban,97
C489,104,288,51337.68,6,Petrol,Mpesa,Urban,44
C490,102,378,64443.4,7,Kerosene,Credit,Urban,84
C491,101,249,40692.3,9,Diesel,Mpesa,Urban,64
C492,107,232,38172.68,11,Petrol,Mpesa,Rural,84
C493,108,686,114397.02,7,Petrol,Cash,Rural,43
C494,107,168,28144.87,6,Petrol,Mpesa,Urban,78
C495,105,250,46379.62,8,Diesel,Mpesa,Urban,36
C496,101,390,68966.31,9,Diesel,Mpesa,Urban,59
C497,107,464,81525.6,3,Diesel,Cash,Rural,78
C498,107,199,32525.17,1,Petrol,Credit,Rural,45
C499,109,166,30843.5,6,Diesel,Cash,Urban,80
C500,103,549,99744.75,4,Petrol,Mpesa,Urban,71
